{
    "Evaluation_Results": {
        "Accuracy": 0.9569569569569569,
        "Precision": 0.9547190315797346,
        "Recall": 0.9577181559835273,
        "F1Score": 0.9561622814888375
    },
    "Best_Hyperparameters": {}
}