{
    "Evaluation_Results": {
        "Accuracy": 0.964964964964965,
        "Precision": 0.9634850898791418,
        "Recall": 0.9645557546680434,
        "F1Score": 0.9639966632098892
    },
    "Best_Hyperparameters": {
        "embed_dim": 200,
        "hidden_dim": 256,
        "lr": 0.002273116576582806,
        "optimizer": "Adam",
        "weight_decay": 1.1468574155032662e-05,
        "dropout": 0.4
    }
}