{
    "Evaluation_Results": {
        "Accuracy": 0.972972972972973,
        "Precision": 0.9728801402880083,
        "Recall": 0.972815277848369,
        "F1Score": 0.9728454981643152
    },
    "Best_Hyperparameters": {}
}