{
    "Evaluation_Results": {
        "Accuracy": 0.958958958958959,
        "Precision": 0.9574360493362275,
        "Recall": 0.958430509352532,
        "F1Score": 0.9578618046564057
    },
    "Best_Hyperparameters": {
        "embed_dim": 200,
        "hidden_dim": 64,
        "lr": 0.0046742511188501154,
        "optimizer": "Adam",
        "weight_decay": 2.2386390099888758e-05,
        "dropout": 0.2
    }
}