{
    "Evaluation_Results": {
        "Accuracy": 0.8218218218218218,
        "Precision": 0.823510546939579,
        "Recall": 0.8136279886808451,
        "F1Score": 0.8176182056230695
    },
    "Best_Hyperparameters": {}
}