{
    "Evaluation_Results": {
        "Accuracy": 0.8988988988988988,
        "Precision": 0.8944820549683207,
        "Recall": 0.8978432903074482,
        "F1Score": 0.8961044936072073
    },
    "Best_Hyperparameters": {}
}