{
    "Evaluation_Results": {
        "Accuracy": 0.8528528528528528,
        "Precision": 0.8573731426969443,
        "Recall": 0.8413439601074164,
        "F1Score": 0.8483279209968622
    },
    "Best_Hyperparameters": {
        "embed_dim": 200,
        "hidden_dim": 128,
        "lr": 0.0004772184130967066,
        "optimizer": "Adam",
        "weight_decay": 0.0008998097885783911,
        "dropout": 0.4
    }
}