{
    "Evaluation_Results": {
        "Accuracy": 0.91991991991992,
        "Precision": 0.9199282318352395,
        "Recall": 0.9178622880533848,
        "F1Score": 0.9187861490932901
    },
    "Best_Hyperparameters": {
        "embed_dim": 200,
        "hidden_dim": 256,
        "lr": 0.00021192331943560667,
        "optimizer": "Adam",
        "weight_decay": 0.00014247142855400123,
        "dropout": 0.3
    }
}