{
    "Evaluation_Results": {
        "Accuracy": 0.9109109109109109,
        "Precision": 0.9099913682612023,
        "Recall": 0.9103662419424899,
        "F1Score": 0.9088972913030053
    },
    "Best_Hyperparameters": {
        "embed_dim": 100,
        "hidden_dim": 128,
        "lr": 0.0033251304507937005,
        "optimizer": "Adam",
        "weight_decay": 0.00010639626778887113,
        "dropout": 0.4
    }
}